{"nm":"order cancel","ddd":0,"h":5000,"w":5000,"meta":{"g":"@lottiefiles/toolkit-js 0.26.1"},"layers":[{"ty":4,"nm":"Layer 3 Outlines","sr":1,"st":0,"op":288,"ip":0,"hd":false,"ddd":0,"bm":0,"hasMask":false,"ao":0,"ks":{"a":{"a":0,"k":[147.715,147.631,0],"ix":1},"s":{"a":1,"k":[{"o":{"x":0.167,"y":0.167},"i":{"x":0.833,"y":0.833},"s":[0,0,100],"t":42},{"o":{"x":0.167,"y":0.167},"i":{"x":0.833,"y":0.833},"s":[190,190,100],"t":49},{"s":[169,169,100],"t":55}],"ix":6},"sk":{"a":0,"k":0},"p":{"a":0,"k":[2495.83,1476.158,0],"ix":2},"r":{"a":0,"k":0,"ix":10},"sa":{"a":0,"k":0},"o":{"a":0,"k":100,"ix":11}},"ef":[],"shapes":[{"ty":"gr","bm":0,"hd":false,"mn":"ADBE Vector Group","nm":"Group 1","ix":1,"cix":2,"np":2,"it":[{"ty":"sh","bm":0,"hd":false,"mn":"ADBE Vector Shape - Group","nm":"Path 1","ix":1,"d":1,"ks":{"a":0,"k":{"c":true,"i":[[0,0],[11.542,-11.542],[11.376,11.374],[0,0],[0,0],[11.542,11.542],[-11.543,11.542],[0,0],[0,0],[-11.543,11.374],[-11.375,-11.374],[0,0],[0,0],[-11.543,-11.374],[11.542,-11.542],[0,0]],"o":[[11.542,11.542],[-11.543,11.374],[0,0],[0,0],[-11.375,11.374],[-11.543,-11.374],[0,0],[0,0],[-11.543,-11.542],[11.542,-11.542],[0,0],[0,0],[11.376,-11.374],[11.542,11.542],[0,0],[0,0]],"v":[[135.924,94.184],[135.924,136.007],[94.268,136.007],[0.083,41.822],[-94.268,136.007],[-135.923,135.839],[-135.923,94.184],[-41.74,0],[-135.923,-94.185],[-135.923,-135.839],[-94.268,-136.007],[0.083,-41.655],[94.268,-136.007],[135.924,-136.007],[135.924,-94.185],[41.739,0]]},"ix":2}},{"ty":"fl","bm":0,"hd":false,"mn":"ADBE Vector Graphic - Fill","nm":"Fill 1","c":{"a":0,"k":[1,1,1],"ix":4},"r":1,"o":{"a":0,"k":100,"ix":5}},{"ty":"tr","a":{"a":0,"k":[0,0],"ix":1},"s":{"a":0,"k":[100,100],"ix":3},"sk":{"a":0,"k":0,"ix":4},"p":{"a":0,"k":[147.715,147.631],"ix":2},"r":{"a":0,"k":0,"ix":6},"sa":{"a":0,"k":0,"ix":5},"o":{"a":0,"k":100,"ix":7}}]}],"ind":1},{"ty":4,"nm":"Layer 2 Outlines","sr":1,"st":0,"op":288,"ip":0,"hd":false,"ddd":0,"bm":0,"hasMask":false,"ao":0,"ks":{"a":{"a":0,"k":[296.886,296.886,0],"ix":1},"s":{"a":1,"k":[{"o":{"x":0.167,"y":0.167},"i":{"x":0.833,"y":0.833},"s":[0,0,100],"t":42},{"o":{"x":0.167,"y":0.167},"i":{"x":0.833,"y":0.833},"s":[190,190,100],"t":49},{"s":[169,169,100],"t":55}],"ix":6},"sk":{"a":0,"k":0},"p":{"a":0,"k":[2496.642,1475.746,0],"ix":2},"r":{"a":0,"k":0,"ix":10},"sa":{"a":0,"k":0},"o":{"a":0,"k":100,"ix":11}},"ef":[],"shapes":[{"ty":"gr","bm":0,"hd":false,"mn":"ADBE Vector Group","nm":"Group 1","ix":1,"cix":2,"np":2,"it":[{"ty":"sh","bm":0,"hd":false,"mn":"ADBE Vector Shape - Group","nm":"Path 1","ix":1,"d":1,"ks":{"a":0,"k":{"c":true,"i":[[0,-163.828],[163.827,0],[0,163.827],[-163.828,0]],"o":[[0,163.827],[-163.828,0],[0,-163.828],[163.827,0]],"v":[[296.636,0],[0,296.636],[-296.636,0],[0,-296.636]]},"ix":2}},{"ty":"fl","bm":0,"hd":false,"mn":"ADBE Vector Graphic - Fill","nm":"Fill 1","c":{"a":0,"k":[1,0.349,0.3882],"ix":4},"r":1,"o":{"a":0,"k":100,"ix":5}},{"ty":"tr","a":{"a":0,"k":[0,0],"ix":1},"s":{"a":0,"k":[100,100],"ix":3},"sk":{"a":0,"k":0,"ix":4},"p":{"a":0,"k":[296.886,296.886],"ix":2},"r":{"a":0,"k":0,"ix":6},"sa":{"a":0,"k":0,"ix":5},"o":{"a":0,"k":100,"ix":7}}]}],"ind":2},{"ty":4,"nm":"Shape Layer 1","sr":1,"st":0,"op":288,"ip":0,"hd":true,"ddd":0,"bm":0,"hasMask":false,"ao":0,"ks":{"a":{"a":0,"k":[0,0,0],"ix":1},"s":{"a":0,"k":[100,97.952,100],"ix":6},"sk":{"a":0,"k":0},"p":{"a":0,"k":[2580,2988,0],"ix":2},"r":{"a":0,"k":0,"ix":10},"sa":{"a":0,"k":0},"o":{"a":0,"k":100,"ix":11}},"ef":[],"shapes":[{"ty":"gr","bm":0,"hd":false,"mn":"ADBE Vector Group","nm":"Rectangle 1","ix":1,"cix":2,"np":3,"it":[{"ty":"rc","bm":0,"hd":false,"mn":"ADBE Vector Shape - Rect","nm":"Rectangle Path 1","d":1,"p":{"a":0,"k":[0,0],"ix":3},"r":{"a":0,"k":0,"ix":4},"s":{"a":0,"k":[2855.879,1357.41],"ix":2}},{"ty":"st","bm":0,"hd":true,"mn":"ADBE Vector Graphic - Stroke","nm":"Stroke 1","lc":1,"lj":1,"ml":4,"o":{"a":0,"k":100,"ix":4},"w":{"a":0,"k":4,"ix":5},"c":{"a":0,"k":[1,1,1],"ix":3}},{"ty":"fl","bm":0,"hd":false,"mn":"ADBE Vector Graphic - Fill","nm":"Fill 1","c":{"a":0,"k":[1,1,1],"ix":4},"r":1,"o":{"a":0,"k":100,"ix":5}},{"ty":"tr","a":{"a":0,"k":[0,0],"ix":1},"s":{"a":0,"k":[100,100],"ix":3},"sk":{"a":0,"k":0,"ix":4},"p":{"a":0,"k":[-8.061,1482.705],"ix":2},"r":{"a":0,"k":0,"ix":6},"sa":{"a":0,"k":0,"ix":5},"o":{"a":0,"k":100,"ix":7}}]}],"ind":3},{"ty":4,"nm":"Layer 1 Outlines","sr":1,"st":0,"op":288,"ip":0,"hd":false,"ddd":0,"bm":0,"hasMask":false,"ao":0,"ks":{"a":{"a":0,"k":[693.523,517.178,0],"ix":1},"s":{"a":0,"k":[169,169,100],"ix":6},"sk":{"a":0,"k":0},"p":{"a":1,"k":[{"o":{"x":0.167,"y":0.167},"i":{"x":0.833,"y":0.833},"s":[2500.5,4576.139,0],"t":5,"ti":[2.667,323.167,0],"to":[0,-472.5,0]},{"o":{"x":0.167,"y":0.167},"i":{"x":0.833,"y":0.833},"s":[2500.5,1741.139,0],"t":17,"ti":[2.667,-149.333,0],"to":[-2.667,-323.167,0]},{"s":[2484.5,2637.139,0],"t":25}],"ix":2},"r":{"a":1,"k":[{"o":{"x":0.167,"y":0.167},"i":{"x":0.833,"y":0.833},"s":[0],"t":17},{"o":{"x":0.167,"y":0.167},"i":{"x":0.833,"y":0.833},"s":[20],"t":25},{"s":[0],"t":34}],"ix":10},"sa":{"a":0,"k":0},"o":{"a":0,"k":100,"ix":11}},"ef":[],"shapes":[{"ty":"gr","bm":0,"hd":false,"mn":"ADBE Vector Group","nm":"Group 1","ix":1,"cix":2,"np":2,"it":[{"ty":"sh","bm":0,"hd":false,"mn":"ADBE Vector Shape - Group","nm":"Path 1","ix":1,"d":1,"ks":{"a":0,"k":{"c":true,"i":[[4.204,0],[0,0],[0,0],[3.611,0],[0,0],[0,3.611],[0,0],[0,0],[-2.979,2.979],[0,0],[-1.831,-1.831],[0,0]],"o":[[0,0],[0,0],[0,3.611],[0,0],[-3.611,0],[0,0],[0,0],[-4.214,0],[0,0],[1.831,-1.831],[0,0],[2.973,2.973]],"v":[[62.428,-7.376],[20.179,-7.376],[20.179,73.178],[13.641,79.716],[-13.655,79.716],[-20.193,73.178],[-20.193,-7.376],[-62.414,-7.376],[-65.759,-15.45],[-3.322,-77.885],[3.31,-77.885],[65.765,-15.432]]},"ix":2}},{"ty":"fl","bm":0,"hd":false,"mn":"ADBE Vector Graphic - Fill","nm":"Fill 1","c":{"a":0,"k":[0.1059,0.1137,0.1529],"ix":4},"r":1,"o":{"a":0,"k":100,"ix":5}},{"ty":"tr","a":{"a":0,"k":[0,0],"ix":1},"s":{"a":0,"k":[100,100],"ix":3},"sk":{"a":0,"k":0,"ix":4},"p":{"a":0,"k":[970.427,832.476],"ix":2},"r":{"a":0,"k":0,"ix":6},"sa":{"a":0,"k":0,"ix":5},"o":{"a":0,"k":100,"ix":7}}]},{"ty":"gr","bm":0,"hd":false,"mn":"ADBE Vector Group","nm":"Group 2","ix":2,"cix":2,"np":2,"it":[{"ty":"sh","bm":0,"hd":false,"mn":"ADBE Vector Shape - Group","nm":"Path 1","ix":1,"d":1,"ks":{"a":0,"k":{"c":true,"i":[[4.203,0],[0,0],[0,0],[3.61,0],[0,0],[0,3.611],[0,0],[0,0],[-2.979,2.979],[0,0],[-1.832,-1.831],[0,0]],"o":[[0,0],[0,0],[0,3.611],[0,0],[-3.61,0],[0,0],[0,0],[-4.213,0],[0,0],[1.832,-1.831],[0,0],[2.973,2.973]],"v":[[62.429,-7.376],[20.18,-7.376],[20.18,73.178],[13.641,79.716],[-13.656,79.716],[-20.193,73.178],[-20.193,-7.376],[-62.414,-7.376],[-65.758,-15.45],[-3.323,-77.885],[3.31,-77.885],[65.765,-15.432]]},"ix":2}},{"ty":"fl","bm":0,"hd":false,"mn":"ADBE Vector Graphic - Fill","nm":"Fill 1","c":{"a":0,"k":[0.1059,0.1137,0.1529],"ix":4},"r":1,"o":{"a":0,"k":100,"ix":5}},{"ty":"tr","a":{"a":0,"k":[0,0],"ix":1},"s":{"a":0,"k":[100,100],"ix":3},"sk":{"a":0,"k":0,"ix":4},"p":{"a":0,"k":[1119.496,832.476],"ix":2},"r":{"a":0,"k":0,"ix":6},"sa":{"a":0,"k":0,"ix":5},"o":{"a":0,"k":100,"ix":7}}]},{"ty":"gr","bm":0,"hd":false,"mn":"ADBE Vector Group","nm":"Group 3","ix":3,"cix":2,"np":2,"it":[{"ty":"sh","bm":0,"hd":false,"mn":"ADBE Vector Shape - Group","nm":"Path 1","ix":1,"d":1,"ks":{"a":0,"k":{"c":true,"i":[[0,-10.239],[0,0],[10.238,0],[0,0],[0,10.238],[0,0],[-10.237,0],[0,0]],"o":[[0,0],[0,10.238],[0,0],[-10.237,0],[0,0],[0,-10.239],[0,0],[10.238,0]],"v":[[141.243,-64.957],[141.243,64.958],[122.641,83.559],[-122.786,83.559],[-141.243,64.958],[-141.243,-64.957],[-122.786,-83.559],[122.641,-83.559]]},"ix":2}},{"ty":"fl","bm":0,"hd":false,"mn":"ADBE Vector Graphic - Fill","nm":"Fill 1","c":{"a":0,"k":[1,1,1],"ix":4},"r":1,"o":{"a":0,"k":100,"ix":5}},{"ty":"tr","a":{"a":0,"k":[0,0],"ix":1},"s":{"a":0,"k":[100,100],"ix":3},"sk":{"a":0,"k":0,"ix":4},"p":{"a":0,"k":[306.302,836.777],"ix":2},"r":{"a":0,"k":0,"ix":6},"sa":{"a":0,"k":0,"ix":5},"o":{"a":0,"k":100,"ix":7}}]},{"ty":"gr","bm":0,"hd":false,"mn":"ADBE Vector Group","nm":"Group 4","ix":4,"cix":2,"np":2,"it":[{"ty":"sh","bm":0,"hd":false,"mn":"ADBE Vector Shape - Group","nm":"Path 1","ix":1,"d":1,"ks":{"a":0,"k":{"c":true,"i":[[0,-10.67],[0,0],[10.672,0],[0,0],[0,10.67],[0,0],[-10.669,0],[0,0]],"o":[[0,0],[0,10.67],[0,0],[-10.669,0],[0,0],[0,-10.67],[0,0],[10.672,0]],"v":[[167.118,-16.149],[167.118,16.15],[147.797,35.471],[-147.797,35.471],[-167.118,16.15],[-167.118,-16.149],[-147.797,-35.471],[147.797,-35.471]]},"ix":2}},{"ty":"fl","bm":0,"hd":false,"mn":"ADBE Vector Graphic - Fill","nm":"Fill 1","c":{"a":0,"k":[0.6745,0.5255,0.3647],"ix":4},"r":1,"o":{"a":0,"k":100,"ix":5}},{"ty":"tr","a":{"a":0,"k":[0,0],"ix":1},"s":{"a":0,"k":[100,100],"ix":3},"sk":{"a":0,"k":0,"ix":4},"p":{"a":0,"k":[693.522,393.605],"ix":2},"r":{"a":0,"k":0,"ix":6},"sa":{"a":0,"k":0,"ix":5},"o":{"a":0,"k":100,"ix":7}}]},{"ty":"gr","bm":0,"hd":false,"mn":"ADBE Vector Group","nm":"Group 5","ix":5,"cix":2,"np":2,"it":[{"ty":"sh","bm":0,"hd":false,"mn":"ADBE Vector Shape - Group","nm":"Path 1","ix":1,"d":1,"ks":{"a":0,"k":{"c":true,"i":[[0,0],[0,0],[0,0],[0,0]],"o":[[0,0],[0,0],[0,0],[0,0]],"v":[[608.346,29.848],[-608.346,29.848],[-608.346,-29.848],[608.346,-29.848]]},"ix":2}},{"ty":"fl","bm":0,"hd":false,"mn":"ADBE Vector Graphic - Fill","nm":"Fill 1","c":{"a":0,"k":[0.6745,0.5255,0.3647],"ix":4},"r":1,"o":{"a":0,"k":100,"ix":5}},{"ty":"tr","a":{"a":0,"k":[0,0],"ix":1},"s":{"a":0,"k":[100,100],"ix":3},"sk":{"a":0,"k":0,"ix":4},"p":{"a":0,"k":[693.523,247.538],"ix":2},"r":{"a":0,"k":0,"ix":6},"sa":{"a":0,"k":0,"ix":5},"o":{"a":0,"k":100,"ix":7}}]},{"ty":"gr","bm":0,"hd":false,"mn":"ADBE Vector Group","nm":"Group 6","ix":6,"cix":2,"np":2,"it":[{"ty":"sh","bm":0,"hd":false,"mn":"ADBE Vector Shape - Group","nm":"Path 1","ix":1,"d":1,"ks":{"a":0,"k":{"c":true,"i":[[0,0],[0,0],[36.048,0],[0,0],[0,36.048],[0,0]],"o":[[0,0],[0,36.048],[0,0],[-36.048,0],[0,0],[0,0]],"v":[[608.346,-408.207],[608.346,342.887],[543.026,408.208],[-543.026,408.208],[-608.346,342.887],[-608.346,-408.207]]},"ix":2}},{"ty":"fl","bm":0,"hd":false,"mn":"ADBE Vector Graphic - Fill","nm":"Fill 1","c":{"a":0,"k":[0.8157,0.6745,0.4902],"ix":4},"r":1,"o":{"a":0,"k":100,"ix":5}},{"ty":"tr","a":{"a":0,"k":[0,0],"ix":1},"s":{"a":0,"k":[100,100],"ix":3},"sk":{"a":0,"k":0,"ix":4},"p":{"a":0,"k":[693.523,625.898],"ix":2},"r":{"a":0,"k":0,"ix":6},"sa":{"a":0,"k":0,"ix":5},"o":{"a":0,"k":100,"ix":7}}]},{"ty":"gr","bm":0,"hd":false,"mn":"ADBE Vector Group","nm":"Group 7","ix":7,"cix":2,"np":2,"it":[{"ty":"sh","bm":0,"hd":false,"mn":"ADBE Vector Shape - Group","nm":"Path 1","ix":1,"d":1,"ks":{"a":0,"k":{"c":true,"i":[[0,-19.323],[0,0],[19.179,0],[0,0],[0,19.177],[0,0],[-19.177,0],[0,0]],"o":[[0,0],[0,19.177],[0,0],[-19.177,0],[0,0],[0,-19.323],[0,0],[19.179,0]],"v":[[693.273,-73.825],[693.273,73.827],[658.379,108.72],[-658.38,108.72],[-693.273,73.827],[-693.273,-73.825],[-658.38,-108.72],[658.379,-108.72]]},"ix":2}},{"ty":"fl","bm":0,"hd":false,"mn":"ADBE Vector Graphic - Fill","nm":"Fill 1","c":{"a":0,"k":[0.8157,0.6745,0.4902],"ix":4},"r":1,"o":{"a":0,"k":100,"ix":5}},{"ty":"tr","a":{"a":0,"k":[0,0],"ix":1},"s":{"a":0,"k":[100,100],"ix":3},"sk":{"a":0,"k":0,"ix":4},"p":{"a":0,"k":[693.523,108.97],"ix":2},"r":{"a":0,"k":0,"ix":6},"sa":{"a":0,"k":0,"ix":5},"o":{"a":0,"k":100,"ix":7}}]}],"ind":4},{"ty":1,"nm":"White Solid 1","sr":1,"st":0,"op":288,"ip":0,"hd":true,"ddd":0,"bm":0,"hasMask":false,"ao":0,"ks":{"a":{"a":0,"k":[960,960,0],"ix":1},"s":{"a":0,"k":[345,345,100],"ix":6},"sk":{"a":0,"k":0},"p":{"a":0,"k":[2136,1920,0],"ix":2},"r":{"a":0,"k":0,"ix":10},"sa":{"a":0,"k":0},"o":{"a":0,"k":100,"ix":11}},"ef":[],"sc":"#ffffff","sh":1920,"sw":1920,"ind":5}],"v":"5.9.4","fr":24,"op":69,"ip":0,"assets":[]}