{"nm":"Comp 1","ddd":0,"h":1200,"w":1600,"meta":{"g":"@lottiefiles/toolkit-js 0.26.1"},"layers":[{"ty":0,"nm":"Loader 3","sr":1.78,"st":0,"op":149.520006090074,"ip":0,"hd":false,"ddd":0,"bm":0,"hasMask":false,"ao":0,"ks":{"a":{"a":0,"k":[800,600,0],"ix":1},"s":{"a":0,"k":[127,127,100],"ix":6},"sk":{"a":0,"k":0},"p":{"a":0,"k":[800,600,0],"ix":2},"r":{"a":0,"k":0,"ix":10},"sa":{"a":0,"k":0},"o":{"a":0,"k":100,"ix":11}},"ef":[],"w":1600,"h":1200,"refId":"comp_0","ind":1},{"ty":1,"nm":"White Solid 1","sr":1,"st":0,"op":628.000025578964,"ip":0,"hd":true,"ddd":0,"bm":0,"hasMask":false,"ao":0,"ks":{"a":{"a":0,"k":[800,600,0],"ix":1},"s":{"a":0,"k":[100,100,100],"ix":6},"sk":{"a":0,"k":0},"p":{"a":0,"k":[800,600,0],"ix":2},"r":{"a":0,"k":0,"ix":10},"sa":{"a":0,"k":0},"o":{"a":0,"k":100,"ix":11}},"ef":[],"sc":"#ffffff","sh":1200,"sw":1600,"ind":2}],"v":"5.6.3","fr":29.9700012207031,"op":148.000006028164,"ip":0,"assets":[{"nm":"","id":"comp_0","layers":[{"ty":0,"nm":"Line","sr":1,"st":15.0000006109625,"op":52.0000021180034,"ip":15.0000006109625,"hd":false,"ddd":0,"bm":0,"hasMask":false,"ao":0,"ks":{"a":{"a":0,"k":[800,600,0],"ix":1},"s":{"a":0,"k":[100,100,100],"ix":6},"sk":{"a":0,"k":0},"p":{"a":0,"k":[800,600,0],"ix":2},"r":{"a":0,"k":0,"ix":10},"sa":{"a":0,"k":0},"o":{"a":0,"k":100,"ix":11}},"ef":[],"w":1600,"h":1200,"refId":"comp_1","ind":1},{"ty":4,"nm":"Shape Layer 1","sr":1,"st":0,"op":628.000025578964,"ip":0,"hd":false,"ddd":0,"bm":0,"hasMask":false,"ao":0,"ks":{"a":{"a":0,"k":[0,0,0],"ix":1},"s":{"a":0,"k":[100,100,100],"ix":6},"sk":{"a":0,"k":0},"p":{"a":0,"k":[800,600,0],"ix":2},"r":{"a":0,"k":0,"ix":10},"sa":{"a":0,"k":0},"o":{"a":0,"k":100,"ix":11}},"ef":[],"shapes":[{"ty":"gr","bm":0,"hd":false,"mn":"ADBE Vector Group","nm":"Shape 1","ix":1,"cix":2,"np":4,"it":[{"ty":"sh","bm":0,"hd":false,"mn":"ADBE Vector Shape - Group","nm":"Path 1","ix":1,"d":1,"ks":{"a":0,"k":{"c":false,"i":[[0,0],[-3.616,-8.556],[-7.472,-4.649],[-9.928,0.562],[-6.977,5.141],[-2.898,7.027],[-0.683,6.974]],"o":[[0.295,6.315],[3.426,8.106],[8.443,5.254],[8.653,-0.49],[6.119,-4.509],[3.95,-9.579],[0,0]],"v":[[-24,-24],[-19.5,3.5],[-3.5,24.5],[25.5,31.5],[49.5,21.5],[63.5,3.5],[69.5,-27]]},"ix":2}},{"ty":"tm","bm":0,"hd":false,"mn":"ADBE Vector Filter - Trim","nm":"Trim Paths 1","ix":2,"e":{"a":1,"k":[{"o":{"x":0.333,"y":0},"i":{"x":0.667,"y":1},"s":[0],"t":58},{"s":[100],"t":61.0000024845809}],"ix":2},"o":{"a":0,"k":0,"ix":3},"s":{"a":1,"k":[{"o":{"x":0.333,"y":0},"i":{"x":0.667,"y":1},"s":[0],"t":76},{"s":[100],"t":78.0000031770051}],"ix":1},"m":1},{"ty":"st","bm":0,"hd":false,"mn":"ADBE Vector Graphic - Stroke","nm":"Stroke 1","lc":2,"lj":2,"ml":1,"o":{"a":0,"k":100,"ix":4},"w":{"a":0,"k":20,"ix":5},"c":{"a":0,"k":[0.2627,0.2353,0.5059],"ix":3}},{"ty":"tr","a":{"a":0,"k":[0,0],"ix":1},"s":{"a":0,"k":[100,100],"ix":3},"sk":{"a":0,"k":0,"ix":4},"p":{"a":0,"k":[0,0],"ix":2},"r":{"a":0,"k":0,"ix":6},"sa":{"a":0,"k":0,"ix":5},"o":{"a":0,"k":100,"ix":7}}]}],"ind":2},{"ty":4,"nm":"wheel 2","sr":1,"st":0,"op":628.000025578964,"ip":0,"hd":false,"ddd":0,"bm":0,"hasMask":false,"ao":0,"ks":{"a":{"a":0,"k":[-43.5,162.5,0],"ix":1},"s":{"a":1,"k":[{"o":{"x":0.333,"y":0},"i":{"x":0.667,"y":1},"s":[100,100,100],"t":52},{"o":{"x":0.333,"y":0},"i":{"x":0.833,"y":1},"s":[40,40,100],"t":58},{"o":{"x":0.167,"y":0},"i":{"x":0.667,"y":1},"s":[40,40,100],"t":76},{"s":[100,100,100],"t":81.0000032991976}],"ix":6},"sk":{"a":0,"k":0},"p":{"a":1,"k":[{"o":{"x":0.333,"y":0},"i":{"x":0.667,"y":1},"s":[886.5,762.5,0],"t":8,"ti":[0,0,0],"to":[0,-3.167,0]},{"o":{"x":0.333,"y":0},"i":{"x":0.667,"y":1},"s":[886.5,743.5,0],"t":13,"ti":[0,-3.167,0],"to":[0,0,0]},{"o":{"x":0.167,"y":0.167},"i":{"x":0.667,"y":0.667},"s":[886.5,762.5,0],"t":16,"ti":[0,0,0],"to":[0,0,0]},{"o":{"x":0.167,"y":0},"i":{"x":0.667,"y":1},"s":[886.5,762.5,0],"t":20,"ti":[0,0,0],"to":[11,0,0]},{"o":{"x":0.167,"y":0},"i":{"x":0.667,"y":1},"s":[952.5,762.5,0],"t":31,"ti":[0,0,0],"to":[0,0,0]},{"o":{"x":0.167,"y":0},"i":{"x":0.667,"y":1},"s":[886.5,762.5,0],"t":34,"ti":[0,0,0],"to":[0,0,0]},{"o":{"x":0.167,"y":0},"i":{"x":0.667,"y":1},"s":[952.5,762.5,0],"t":44,"ti":[11,0,0],"to":[0,0,0]},{"o":{"x":0.167,"y":0.167},"i":{"x":0.667,"y":0.667},"s":[886.5,762.5,0],"t":49,"ti":[0,0,0],"to":[0,0,0]},{"o":{"x":0.235,"y":0},"i":{"x":0.582,"y":0.69},"s":[886.5,762.5,0],"t":52,"ti":[-27.803,78.822,0],"to":[-0.68,-7.122,0]},{"o":{"x":0.284,"y":0.33},"i":{"x":0.633,"y":0.881},"s":[1050.158,669.049,0],"t":53,"ti":[2.518,26.364,0],"to":[20.653,-82.028,0]},{"o":{"x":0.341,"y":0.25},"i":{"x":0.703,"y":1},"s":[955.022,443.773,0],"t":55,"ti":[1.302,13.638,0],"to":[-3.222,-33.739,0]},{"o":{"x":0.206,"y":0},"i":{"x":0.569,"y":0.435},"s":[868.5,574,0],"t":58,"ti":[0.189,1.975,0],"to":[-0.299,-3.128,0]},{"o":{"x":0.317,"y":0.407},"i":{"x":0.73,"y":1},"s":[869.273,566.391,0],"t":63,"ti":[0,0,0],"to":[-1.706,-17.863,0]},{"o":{"x":0.167,"y":0},"i":{"x":0.633,"y":0.811},"s":[868.5,574,0],"t":76,"ti":[2.518,26.364,0],"to":[0,0,0]},{"o":{"x":0.337,"y":0.051},"i":{"x":0.67,"y":0.82},"s":[955.022,443.773,0],"t":78,"ti":[12.754,-61.444,0],"to":[-1.27,-13.295,0]},{"o":{"x":0.335,"y":0.399},"i":{"x":0.665,"y":1},"s":[1096.09,664.595,0],"t":79,"ti":[0,0,0],"to":[-19.613,94.487,0]},{"s":[886.5,762.5,0],"t":81.0000032991976}],"ix":2},"r":{"a":0,"k":0,"ix":10},"sa":{"a":0,"k":0},"o":{"a":0,"k":100,"ix":11}},"ef":[],"shapes":[{"ty":"gr","bm":0,"hd":false,"mn":"ADBE Vector Group","nm":"Ellipse 1","ix":1,"cix":2,"np":3,"it":[{"ty":"el","bm":0,"hd":false,"mn":"ADBE Vector Shape - Ellipse","nm":"Ellipse Path 1","d":1,"p":{"a":0,"k":[0,0],"ix":3},"s":{"a":0,"k":[17,17],"ix":2}},{"ty":"st","bm":0,"hd":false,"mn":"ADBE Vector Graphic - Stroke","nm":"Stroke 1","lc":1,"lj":1,"ml":4,"o":{"a":0,"k":100,"ix":4},"w":{"a":0,"k":30,"ix":5},"c":{"a":0,"k":[0.4353,0.3804,0.9373],"ix":3}},{"ty":"tr","a":{"a":0,"k":[0,0],"ix":1},"s":{"a":0,"k":[100,100],"ix":3},"sk":{"a":0,"k":0,"ix":4},"p":{"a":0,"k":[-43.5,162.5],"ix":2},"r":{"a":0,"k":0,"ix":6},"sa":{"a":0,"k":0,"ix":5},"o":{"a":0,"k":100,"ix":7}}]},{"ty":"gr","bm":0,"hd":false,"mn":"ADBE Vector Group","nm":"Shape 1","ix":2,"cix":2,"np":3,"it":[{"ty":"sh","bm":0,"hd":false,"mn":"ADBE Vector Shape - Group","nm":"Path 1","ix":1,"d":1,"ks":{"a":0,"k":{"c":false,"i":[[0,0]],"o":[[0,0]],"v":[[-426,160]]},"ix":2}},{"ty":"st","bm":0,"hd":false,"mn":"ADBE Vector Graphic - Stroke","nm":"Stroke 1","lc":1,"lj":1,"ml":4,"o":{"a":0,"k":100,"ix":4},"w":{"a":0,"k":30,"ix":5},"c":{"a":0,"k":[0.4353,0.3804,0.9373],"ix":3}},{"ty":"tr","a":{"a":0,"k":[0,0],"ix":1},"s":{"a":0,"k":[100,100],"ix":3},"sk":{"a":0,"k":0,"ix":4},"p":{"a":0,"k":[0,0],"ix":2},"r":{"a":0,"k":0,"ix":6},"sa":{"a":0,"k":0,"ix":5},"o":{"a":0,"k":100,"ix":7}}]}],"ind":3},{"ty":4,"nm":"wheel","sr":1,"st":0,"op":628.000025578964,"ip":0,"hd":false,"ddd":0,"bm":0,"hasMask":false,"ao":0,"ks":{"a":{"a":0,"k":[-43.5,162.5,0],"ix":1},"s":{"a":1,"k":[{"o":{"x":0.333,"y":0},"i":{"x":0.667,"y":1},"s":[100,100,100],"t":52},{"o":{"x":0.333,"y":0},"i":{"x":0.667,"y":1},"s":[40,40,100],"t":58},{"o":{"x":0.333,"y":0},"i":{"x":0.667,"y":1},"s":[40,40,100],"t":76},{"s":[100,100,100],"t":81.0000032991976}],"ix":6},"sk":{"a":0,"k":0},"p":{"a":1,"k":[{"o":{"x":0.333,"y":0.333},"i":{"x":0.667,"y":0.667},"s":[756.5,762.5,0],"t":4,"ti":[0,0,0],"to":[0,0,0]},{"o":{"x":0.333,"y":0},"i":{"x":0.667,"y":1},"s":[756.5,762.5,0],"t":7,"ti":[0,0,0],"to":[0,-6,0]},{"o":{"x":0.333,"y":0},"i":{"x":0.667,"y":1},"s":[756.5,726.5,0],"t":11,"ti":[0,-6,0],"to":[0,0,0]},{"o":{"x":0.167,"y":0.167},"i":{"x":0.667,"y":0.667},"s":[756.5,762.5,0],"t":13,"ti":[0,0,0],"to":[0,0,0]},{"o":{"x":0.167,"y":0},"i":{"x":0.667,"y":1},"s":[756.5,762.5,0],"t":20,"ti":[0,0,0],"to":[11,0,0]},{"o":{"x":0.167,"y":0},"i":{"x":0.667,"y":1},"s":[822.5,762.5,0],"t":30,"ti":[0,0,0],"to":[0,0,0]},{"o":{"x":0.167,"y":0},"i":{"x":0.667,"y":1},"s":[756.5,762.5,0],"t":35,"ti":[0,0,0],"to":[0,0,0]},{"o":{"x":0.167,"y":0},"i":{"x":0.667,"y":1},"s":[822.5,762.5,0],"t":45,"ti":[11,0,0],"to":[0,0,0]},{"o":{"x":0.167,"y":0.167},"i":{"x":0.667,"y":0.667},"s":[756.5,762.5,0],"t":48,"ti":[0,0,0],"to":[0,0,0]},{"o":{"x":0.235,"y":0},"i":{"x":0.582,"y":0.686},"s":[756.5,762.5,0],"t":52,"ti":[9.071,122.578,0],"to":[0.722,-7.108,0]},{"o":{"x":0.284,"y":0.381},"i":{"x":0.633,"y":0.877},"s":[601.151,644.348,0],"t":53,"ti":[-2.647,26.049,0],"to":[-28.25,-89.733,0]},{"o":{"x":0.341,"y":0.202},"i":{"x":0.703,"y":1},"s":[661.56,416.646,0],"t":55,"ti":[-1.375,13.529,0],"to":[3.401,-33.47,0]},{"o":{"x":0.206,"y":0},"i":{"x":0.569,"y":0.43},"s":[775.5,575.5,0],"t":58,"ti":[-0.179,1.764,0],"to":[0.34,-3.351,0]},{"o":{"x":0.317,"y":0.407},"i":{"x":0.73,"y":1},"s":[775.771,567.912,0],"t":63,"ti":[-1.227,12.075,0],"to":[1.488,-14.641,0]},{"o":{"x":0.167,"y":0},"i":{"x":0.633,"y":0.85},"s":[775.5,575.5,0],"t":76,"ti":[-2.647,26.049,0],"to":[3.167,-31.167,0]},{"o":{"x":0.337,"y":0.051},"i":{"x":0.67,"y":0.801},"s":[661.56,416.646,0],"t":78,"ti":[-17.357,-65.014,0],"to":[1.319,-12.984,0]},{"o":{"x":0.335,"y":0.443},"i":{"x":0.665,"y":1},"s":[554.82,653.813,0],"t":79,"ti":[0,0,0],"to":[27.387,102.58,0]},{"s":[756.5,762.5,0],"t":81.0000032991976}],"ix":2},"r":{"a":0,"k":0,"ix":10},"sa":{"a":0,"k":0},"o":{"a":0,"k":100,"ix":11}},"ef":[],"shapes":[{"ty":"gr","bm":0,"hd":false,"mn":"ADBE Vector Group","nm":"Ellipse 1","ix":1,"cix":2,"np":3,"it":[{"ty":"el","bm":0,"hd":false,"mn":"ADBE Vector Shape - Ellipse","nm":"Ellipse Path 1","d":1,"p":{"a":0,"k":[0,0],"ix":3},"s":{"a":0,"k":[17,17],"ix":2}},{"ty":"st","bm":0,"hd":false,"mn":"ADBE Vector Graphic - Stroke","nm":"Stroke 1","lc":1,"lj":1,"ml":4,"o":{"a":0,"k":100,"ix":4},"w":{"a":0,"k":30,"ix":5},"c":{"a":0,"k":[0.4353,0.3804,0.9373],"ix":3}},{"ty":"tr","a":{"a":0,"k":[0,0],"ix":1},"s":{"a":0,"k":[100,100],"ix":3},"sk":{"a":0,"k":0,"ix":4},"p":{"a":0,"k":[-43.5,162.5],"ix":2},"r":{"a":0,"k":0,"ix":6},"sa":{"a":0,"k":0,"ix":5},"o":{"a":0,"k":100,"ix":7}}]},{"ty":"gr","bm":0,"hd":false,"mn":"ADBE Vector Group","nm":"Shape 1","ix":2,"cix":2,"np":3,"it":[{"ty":"sh","bm":0,"hd":false,"mn":"ADBE Vector Shape - Group","nm":"Path 1","ix":1,"d":1,"ks":{"a":0,"k":{"c":false,"i":[[0,0]],"o":[[0,0]],"v":[[-426,160]]},"ix":2}},{"ty":"st","bm":0,"hd":false,"mn":"ADBE Vector Graphic - Stroke","nm":"Stroke 1","lc":1,"lj":1,"ml":4,"o":{"a":0,"k":100,"ix":4},"w":{"a":0,"k":30,"ix":5},"c":{"a":0,"k":[0.4353,0.3804,0.9373],"ix":3}},{"ty":"tr","a":{"a":0,"k":[0,0],"ix":1},"s":{"a":0,"k":[100,100],"ix":3},"sk":{"a":0,"k":0,"ix":4},"p":{"a":0,"k":[0,0],"ix":2},"r":{"a":0,"k":0,"ix":6},"sa":{"a":0,"k":0,"ix":5},"o":{"a":0,"k":100,"ix":7}}]}],"ind":4},{"ty":4,"nm":"cart","sr":1,"st":0,"op":628.000025578964,"ip":0,"hd":false,"ddd":0,"bm":0,"hasMask":false,"ao":0,"ks":{"a":{"a":0,"k":[0,0,0],"ix":1},"s":{"a":0,"k":[85,85,100],"ix":6},"sk":{"a":0,"k":0},"p":{"a":1,"k":[{"o":{"x":0.333,"y":0.333},"i":{"x":0.833,"y":0.833},"s":[800,600,0],"t":0,"ti":[0,0,0],"to":[0,0,0]},{"o":{"x":0.333,"y":0},"i":{"x":0.667,"y":1},"s":[800,600,0],"t":3,"ti":[0,0,0],"to":[0,0,0]},{"o":{"x":0.333,"y":0},"i":{"x":0.667,"y":1},"s":[800,554,0],"t":11,"ti":[0,0,0],"to":[0,0,0]},{"o":{"x":0.333,"y":0},"i":{"x":0.667,"y":1},"s":[800,632.445,0],"t":15,"ti":[0,0,0],"to":[0,0,0]},{"o":{"x":0.333,"y":0},"i":{"x":0.667,"y":1},"s":[800,600,0],"t":20,"ti":[0,0,0],"to":[0,0,0]},{"o":{"x":0.333,"y":0},"i":{"x":0.667,"y":1},"s":[854,600,0],"t":30,"ti":[0,0,0],"to":[0,0,0]},{"o":{"x":0.333,"y":0},"i":{"x":0.667,"y":1},"s":[800,600,0],"t":35,"ti":[0,0,0],"to":[0,0,0]},{"o":{"x":0.333,"y":0},"i":{"x":0.667,"y":1},"s":[854,600,0],"t":44,"ti":[0,0,0],"to":[0,0,0]},{"o":{"x":0.333,"y":0.333},"i":{"x":0.667,"y":0.667},"s":[800,600,0],"t":49,"ti":[0,0,0],"to":[0,0,0]},{"o":{"x":0.333,"y":0},"i":{"x":0.667,"y":1},"s":[800,600,0],"t":52,"ti":[0,0,0],"to":[0,0,0]},{"o":{"x":0.333,"y":0.333},"i":{"x":0.667,"y":0.667},"s":[841,619,0],"t":57,"ti":[0,0,0],"to":[0,0,0]},{"o":{"x":0.333,"y":0},"i":{"x":0.833,"y":1},"s":[841,619,0],"t":79,"ti":[0,0,0],"to":[0,0,0]},{"s":[800,600,0],"t":82.0000033399285}],"ix":2},"r":{"a":1,"k":[{"o":{"x":0.333,"y":0},"i":{"x":0.667,"y":1},"s":[0],"t":52},{"o":{"x":0.333,"y":0},"i":{"x":0.667,"y":1},"s":[207],"t":55},{"o":{"x":0.167,"y":0},"i":{"x":0.833,"y":1},"s":[180],"t":57},{"o":{"x":0.167,"y":0},"i":{"x":0.833,"y":1},"s":[180],"t":79},{"s":[360],"t":82.0000033399285}],"ix":10},"sa":{"a":0,"k":0},"o":{"a":0,"k":100,"ix":11}},"ef":[],"shapes":[{"ty":"gr","bm":0,"hd":false,"mn":"ADBE Vector Group","nm":"Shape 1","ix":1,"cix":2,"np":3,"it":[{"ty":"sh","bm":0,"hd":false,"mn":"ADBE Vector Shape - Group","nm":"Path 1","ix":1,"d":1,"ks":{"a":1,"k":[{"o":{"x":0.333,"y":0},"i":{"x":0.833,"y":1},"s":[{"c":false,"i":[[0,0],[5.599,-4.275],[1.227,-3.703],[0,0],[0,0],[0,0],[0,0],[0,0],[5.196,3.358],[0,0],[75.667,0.333]],"o":[[-7.366,2.207],[-5.182,3.957],[-1.177,3.552],[0,0],[0,0],[0,0],[0,0],[0,0],[-6.553,-4.236],[0,0],[0,0]],"v":[[-87.765,-105.882],[-115.461,-94.985],[-131.429,-72.538],[-131.647,-46.118],[-100,130],[148,130],[178,-60],[174.121,-82.945],[162,-97],[140,-105],[-87,-106]]}],"t":1},{"o":{"x":0.167,"y":0},"i":{"x":0.667,"y":1},"s":[{"c":false,"i":[[0,0],[-4.838,0.186],[-1.828,0.07],[0,0],[0,0],[0,0],[0,0],[0,0],[5.196,3.358],[0,0],[75.667,0.333]],"o":[[5.826,-0.224],[3.362,-0.129],[1.67,-0.064],[0,0],[0,0],[0,0],[0,0],[0,0],[-6.553,-4.236],[0,0],[0,0]],"v":[[-206,-190],[-183.683,-190.858],[-168.173,-191.455],[-154,-192],[-100,130],[148,130],[178,-60],[174.122,-82.945],[162,-97],[140,-105],[-87,-106]]}],"t":4},{"o":{"x":0.333,"y":0},"i":{"x":0.667,"y":1},"s":[{"c":false,"i":[[0,0],[-4.838,0.186],[-1.828,0.07],[0,0],[0,0],[0,0],[0,0],[0,0],[5.196,3.358],[0,0],[75.667,0.333]],"o":[[5.826,-0.224],[3.362,-0.129],[1.67,-0.064],[0,0],[0,0],[0,0],[0,0],[0,0],[-6.553,-4.236],[0,0],[0,0]],"v":[[-206,-190],[-183.683,-190.858],[-168.173,-191.455],[-154,-192],[-100,130],[148,130],[178,-60],[174.122,-82.945],[162,-97],[140,-105],[-87,-106]]}],"t":52},{"o":{"x":0.333,"y":0},"i":{"x":0.667,"y":1},"s":[{"c":false,"i":[[0,0],[5.599,-4.275],[1.227,-3.703],[0,0],[0,0],[0,0],[0,0],[0,0],[5.196,3.358],[0,0],[75.667,0.333]],"o":[[-7.366,2.207],[-5.182,3.957],[-1.177,3.552],[0,0],[0,0],[0,0],[0,0],[0,0],[-6.553,-4.236],[0,0],[0,0]],"v":[[-87.765,-105.882],[-115.461,-94.985],[-131.429,-72.538],[-131.647,-46.118],[-100,130],[148,130],[178,-60],[174.121,-82.945],[162,-97],[140,-105],[-87,-106]]}],"t":57},{"o":{"x":0.333,"y":0},"i":{"x":0.667,"y":1},"s":[{"c":false,"i":[[0,0],[5.599,-4.275],[1.227,-3.703],[0,0],[0,0],[0,0],[0,0],[0,0],[5.196,3.358],[0,0],[75.667,0.333]],"o":[[-7.366,2.207],[-5.182,3.957],[-1.177,3.552],[0,0],[0,0],[0,0],[0,0],[0,0],[-6.553,-4.236],[0,0],[0,0]],"v":[[-87.765,-105.882],[-115.461,-94.985],[-131.429,-72.538],[-131.647,-46.118],[-100,130],[148,130],[178,-60],[174.121,-82.945],[162,-97],[140,-105],[-87,-106]]}],"t":83},{"s":[{"c":false,"i":[[0,0],[-4.838,0.186],[-1.828,0.07],[0,0],[0,0],[0,0],[0,0],[0,0],[5.196,3.358],[0,0],[75.667,0.333]],"o":[[5.826,-0.224],[3.362,-0.129],[1.67,-0.064],[0,0],[0,0],[0,0],[0,0],[0,0],[-6.553,-4.236],[0,0],[0,0]],"v":[[-206,-190],[-183.683,-190.858],[-168.173,-191.455],[-154,-192],[-100,130],[148,130],[178,-60],[174.122,-82.945],[162,-97],[140,-105],[-87,-106]]}],"t":87.0000035435826}],"ix":2}},{"ty":"st","bm":0,"hd":false,"mn":"ADBE Vector Graphic - Stroke","nm":"Stroke 1","lc":2,"lj":2,"ml":1,"o":{"a":0,"k":100,"ix":4},"w":{"a":0,"k":25,"ix":5},"c":{"a":0,"k":[0.4353,0.3804,0.9373],"ix":3}},{"ty":"tr","a":{"a":0,"k":[0,0],"ix":1},"s":{"a":0,"k":[100,100],"ix":3},"sk":{"a":0,"k":0,"ix":4},"p":{"a":0,"k":[0,0],"ix":2},"r":{"a":0,"k":0,"ix":6},"sa":{"a":0,"k":0,"ix":5},"o":{"a":0,"k":100,"ix":7}}]},{"ty":"tm","bm":0,"hd":false,"mn":"ADBE Vector Filter - Trim","nm":"Trim Paths 1","ix":2,"e":{"a":0,"k":100,"ix":2},"o":{"a":0,"k":0,"ix":3},"s":{"a":0,"k":0,"ix":1},"m":1}],"ind":5}]},{"nm":"","id":"comp_1","layers":[{"ty":4,"nm":"Line 4","sr":1,"st":1.00000004073083,"op":37.0000015070409,"ip":16.0000006516934,"hd":false,"ddd":0,"bm":0,"hasMask":false,"ao":0,"ks":{"a":{"a":0,"k":[0,0,0],"ix":1},"s":{"a":0,"k":[100,100,100],"ix":6},"sk":{"a":0,"k":0},"p":{"a":0,"k":[800,642,0],"ix":2},"r":{"a":0,"k":0,"ix":10},"sa":{"a":0,"k":0},"o":{"a":0,"k":100,"ix":11}},"ef":[],"shapes":[{"ty":"gr","bm":0,"hd":false,"mn":"ADBE Vector Group","nm":"Shape 1","ix":1,"cix":2,"np":4,"it":[{"ty":"sh","bm":0,"hd":false,"mn":"ADBE Vector Shape - Group","nm":"Path 1","ix":1,"d":1,"ks":{"a":0,"k":{"c":false,"i":[[0,0],[5.667,0],[2.389,0]],"o":[[-3.778,0],[-3.583,0],[0,0]],"v":[[-138,26],[-155,26],[-165.75,26]]},"ix":2}},{"ty":"tm","bm":0,"hd":false,"mn":"ADBE Vector Filter - Trim","nm":"Trim Paths 1","ix":2,"e":{"a":1,"k":[{"o":{"x":0.333,"y":0},"i":{"x":0.667,"y":1},"s":[0],"t":19},{"s":[100],"t":27.0000010997325}],"ix":2},"o":{"a":0,"k":0,"ix":3},"s":{"a":1,"k":[{"o":{"x":0.333,"y":0},"i":{"x":0.667,"y":1},"s":[0],"t":30},{"s":[100],"t":34.0000013848484}],"ix":1},"m":1},{"ty":"st","bm":0,"hd":false,"mn":"ADBE Vector Graphic - Stroke","nm":"Stroke 1","lc":2,"lj":1,"ml":4,"o":{"a":0,"k":100,"ix":4},"w":{"a":0,"k":25,"ix":5},"c":{"a":0,"k":[0.4353,0.3804,0.9373],"ix":3}},{"ty":"tr","a":{"a":0,"k":[0,0],"ix":1},"s":{"a":0,"k":[100,100],"ix":3},"sk":{"a":0,"k":0,"ix":4},"p":{"a":0,"k":[0,0],"ix":2},"r":{"a":0,"k":0,"ix":6},"sa":{"a":0,"k":0,"ix":5},"o":{"a":0,"k":100,"ix":7}}]}],"ind":1},{"ty":4,"nm":"Line 3","sr":1,"st":-15.0000006109625,"op":21.0000008553475,"ip":0,"hd":false,"ddd":0,"bm":0,"hasMask":false,"ao":0,"ks":{"a":{"a":0,"k":[0,0,0],"ix":1},"s":{"a":0,"k":[100,100,100],"ix":6},"sk":{"a":0,"k":0},"p":{"a":0,"k":[800,642,0],"ix":2},"r":{"a":0,"k":0,"ix":10},"sa":{"a":0,"k":0},"o":{"a":0,"k":100,"ix":11}},"ef":[],"shapes":[{"ty":"gr","bm":0,"hd":false,"mn":"ADBE Vector Group","nm":"Shape 1","ix":1,"cix":2,"np":4,"it":[{"ty":"sh","bm":0,"hd":false,"mn":"ADBE Vector Shape - Group","nm":"Path 1","ix":1,"d":1,"ks":{"a":0,"k":{"c":false,"i":[[0,0],[5.667,0],[2.389,0]],"o":[[-3.778,0],[-3.583,0],[0,0]],"v":[[-138,26],[-155,26],[-165.75,26]]},"ix":2}},{"ty":"tm","bm":0,"hd":false,"mn":"ADBE Vector Filter - Trim","nm":"Trim Paths 1","ix":2,"e":{"a":1,"k":[{"o":{"x":0.333,"y":0},"i":{"x":0.667,"y":1},"s":[0],"t":3},{"s":[100],"t":11.0000004480392}],"ix":2},"o":{"a":0,"k":0,"ix":3},"s":{"a":1,"k":[{"o":{"x":0.333,"y":0},"i":{"x":0.667,"y":1},"s":[0],"t":14},{"s":[100],"t":18.000000733155}],"ix":1},"m":1},{"ty":"st","bm":0,"hd":false,"mn":"ADBE Vector Graphic - Stroke","nm":"Stroke 1","lc":2,"lj":1,"ml":4,"o":{"a":0,"k":100,"ix":4},"w":{"a":0,"k":25,"ix":5},"c":{"a":0,"k":[0.4353,0.3804,0.9373],"ix":3}},{"ty":"tr","a":{"a":0,"k":[0,0],"ix":1},"s":{"a":0,"k":[100,100],"ix":3},"sk":{"a":0,"k":0,"ix":4},"p":{"a":0,"k":[0,0],"ix":2},"r":{"a":0,"k":0,"ix":6},"sa":{"a":0,"k":0,"ix":5},"o":{"a":0,"k":100,"ix":7}}]}],"ind":2},{"ty":4,"nm":"Line 2","sr":1,"st":1.00000004073083,"op":37.0000015070409,"ip":16.0000006516934,"hd":false,"ddd":0,"bm":0,"hasMask":false,"ao":0,"ks":{"a":{"a":0,"k":[0,0,0],"ix":1},"s":{"a":0,"k":[100,100,100],"ix":6},"sk":{"a":0,"k":0},"p":{"a":0,"k":[800,600,0],"ix":2},"r":{"a":0,"k":0,"ix":10},"sa":{"a":0,"k":0},"o":{"a":0,"k":100,"ix":11}},"ef":[],"shapes":[{"ty":"gr","bm":0,"hd":false,"mn":"ADBE Vector Group","nm":"Shape 1","ix":1,"cix":2,"np":4,"it":[{"ty":"sh","bm":0,"hd":false,"mn":"ADBE Vector Shape - Group","nm":"Path 1","ix":1,"d":1,"ks":{"a":0,"k":{"c":false,"i":[[0,0],[8.667,0],[6.5,0]],"o":[[-5.778,0],[-9.75,0],[0,0]],"v":[[-138,26],[-164,26],[-193.25,26]]},"ix":2}},{"ty":"tm","bm":0,"hd":false,"mn":"ADBE Vector Filter - Trim","nm":"Trim Paths 1","ix":2,"e":{"a":1,"k":[{"o":{"x":0.333,"y":0},"i":{"x":0.667,"y":1},"s":[0],"t":19},{"s":[100],"t":27.0000010997325}],"ix":2},"o":{"a":0,"k":0,"ix":3},"s":{"a":1,"k":[{"o":{"x":0.333,"y":0},"i":{"x":0.667,"y":1},"s":[0],"t":30},{"s":[100],"t":34.0000013848484}],"ix":1},"m":1},{"ty":"st","bm":0,"hd":false,"mn":"ADBE Vector Graphic - Stroke","nm":"Stroke 1","lc":2,"lj":1,"ml":4,"o":{"a":0,"k":100,"ix":4},"w":{"a":0,"k":25,"ix":5},"c":{"a":0,"k":[0.4353,0.3804,0.9373],"ix":3}},{"ty":"tr","a":{"a":0,"k":[0,0],"ix":1},"s":{"a":0,"k":[100,100],"ix":3},"sk":{"a":0,"k":0,"ix":4},"p":{"a":0,"k":[0,0],"ix":2},"r":{"a":0,"k":0,"ix":6},"sa":{"a":0,"k":0,"ix":5},"o":{"a":0,"k":100,"ix":7}}]}],"ind":3},{"ty":4,"nm":"Line","sr":1,"st":-15.0000006109625,"op":21.0000008553475,"ip":0,"hd":false,"ddd":0,"bm":0,"hasMask":false,"ao":0,"ks":{"a":{"a":0,"k":[0,0,0],"ix":1},"s":{"a":0,"k":[100,100,100],"ix":6},"sk":{"a":0,"k":0},"p":{"a":0,"k":[800,600,0],"ix":2},"r":{"a":0,"k":0,"ix":10},"sa":{"a":0,"k":0},"o":{"a":0,"k":100,"ix":11}},"ef":[],"shapes":[{"ty":"gr","bm":0,"hd":false,"mn":"ADBE Vector Group","nm":"Shape 1","ix":1,"cix":2,"np":4,"it":[{"ty":"sh","bm":0,"hd":false,"mn":"ADBE Vector Shape - Group","nm":"Path 1","ix":1,"d":1,"ks":{"a":0,"k":{"c":false,"i":[[0,0],[8.667,0],[6.5,0]],"o":[[-5.778,0],[-9.75,0],[0,0]],"v":[[-138,26],[-164,26],[-193.25,26]]},"ix":2}},{"ty":"tm","bm":0,"hd":false,"mn":"ADBE Vector Filter - Trim","nm":"Trim Paths 1","ix":2,"e":{"a":1,"k":[{"o":{"x":0.333,"y":0},"i":{"x":0.667,"y":1},"s":[0],"t":3},{"s":[100],"t":11.0000004480392}],"ix":2},"o":{"a":0,"k":0,"ix":3},"s":{"a":1,"k":[{"o":{"x":0.333,"y":0},"i":{"x":0.667,"y":1},"s":[0],"t":14},{"s":[100],"t":18.000000733155}],"ix":1},"m":1},{"ty":"st","bm":0,"hd":false,"mn":"ADBE Vector Graphic - Stroke","nm":"Stroke 1","lc":2,"lj":1,"ml":4,"o":{"a":0,"k":100,"ix":4},"w":{"a":0,"k":25,"ix":5},"c":{"a":0,"k":[0.4353,0.3804,0.9373],"ix":3}},{"ty":"tr","a":{"a":0,"k":[0,0],"ix":1},"s":{"a":0,"k":[100,100],"ix":3},"sk":{"a":0,"k":0,"ix":4},"p":{"a":0,"k":[0,0],"ix":2},"r":{"a":0,"k":0,"ix":6},"sa":{"a":0,"k":0,"ix":5},"o":{"a":0,"k":100,"ix":7}}]}],"ind":4}]}]}