{
  "indexes": [
    {
      "collectionGroup": "products",
      "queryScope": "COLLECTION",
      "fields": [
        {
          "fieldPath": "isPublished",
          "order": "ASCENDING"
        },
        {
          "fieldPath": "created_at",
          "order": "DESCENDING"
        }
      ]
    },
    {
      "collectionGroup": "reviews",
      "queryScope": "COLLECTION",
      "fields": [
        {
          "fieldPath": "productRef",
          "order": "ASCENDING"
        },
        {
          "fieldPath": "dateCreated",
          "order": "DESCENDING"
        }
      ]
    },
    {
      "collectionGroup": "orders",
      "queryScope": "COLLECTION",
      "fields": [
        {
          "fieldPath": "userPurchased",
          "order": "ASCENDING"
        },
        {
          "fieldPath": "created_at",
          "order": "DESCENDING"
        }
      ]
    },
    {
      "collectionGroup": "transactions",
      "queryScope": "COLLECTION",
      "fields": [
        {
          "fieldPath": "buyerRef",
          "order": "ASCENDING"
        },
        {
          "fieldPath": "created_at",
          "order": "DESCENDING"
        }
      ]
    },
    {
      "collectionGroup": "activity",
      "queryScope": "COLLECTION",
      "fields": [
        {
          "fieldPath": "userList",
          "arrayConfig": "CONTAINS"
        },
        {
          "fieldPath": "sentAt",
          "order": "DESCENDING"
        }
      ]
    },
    {
      "collectionGroup": "orders",
      "queryScope": "COLLECTION",
      "fields": [
        {
          "fieldPath": "status",
          "order": "ASCENDING"
        },
        {
          "fieldPath": "created_at",
          "order": "DESCENDING"
        }
      ]
    },
    {
      "collectionGroup": "products",
      "queryScope": "COLLECTION",
      "fields": [
        {
          "fieldPath": "isPublished",
          "order": "ASCENDING"
        },
        {
          "fieldPath": "userRef",
          "order": "ASCENDING"
        },
        {
          "fieldPath": "created_at",
          "order": "DESCENDING"
        }
      ]
    }
  ],
  "fieldOverrides": [
    {
      "collectionGroup": "fcm_tokens",
      "fieldPath": "fcm_token",
      "indexes": [
        {
          "order": "ASCENDING",
          "queryScope": "COLLECTION_GROUP"
        }
      ]
    }
  ]
}